seqnames;start;end;width;strand;paramRangeID;REF;ALT;QUAL;FILTER;sourceId;partner;svtype;svLen;insSeq;insLen;HOMLEN;exon;txs
15;100340230;100340230;  1;+;NA;AGGAGTGTCTATTTCTTCCCACGCGAGTCTCGTCGCGCCGCTGTGCCTGCTCTGCCGACTCCTCCACGAGTGTCTTCTGGTTCCCAAGCGAGTGCAGGTTGGACAGCAGCTCTGAGAAGCAGCATCTCGTCGCGCCGCTGTGCCTACTCTGCCGACTCCTCCAT;AC;NA;candidateSV;MantaDEL:135175:0:0:0:3:0;MantaDEL:135175:0:0:0:3:0_bp2;DEL;     -162;C; 1;0;203562;uc010bow.3
15;100340230;100340230;  1;+;NA;AGGAGTGTCTATTTCTTCCCACGCGAGTCTCGTCGCGCCGCTGTGCCTGCTCTGCCGACTCCTCCACGAGTGTCTTCTGGTTCCCAAGCGAGTGCAGGTTGGACAGCAGCTCTGAGAAGCAGCATCTCGTCGCGCCGCTGTGCCTACTCTGCCGACTCCTCCAT;AC;NA;candidateSV;MantaDEL:135176:0:0:0:1:0;MantaDEL:135176:0:0:0:1:0_bp2;DEL;     -162;C; 1;0;203562;uc010bow.3
15;100340230;100340230;  1;+;NA;AGGAGTGTCTATTTCTTCCCACGCGAGTCTCGTCGCGCCGCTGTGCCTGCTCTGCCGACTCCTCCACGAGTGTCTTCTGGTTCCCAAGCGAGTGCAGGTTGGACAGCAGCTCTGAGAAGCAGCATCTCGTCGCGCCGCTGTGCCTACTCTGCCGACTCCTCCAT;AC;NA;candidateSV;MantaDEL:135180:0:0:0:3:0;MantaDEL:135180:0:0:0:3:0_bp2;DEL;     -162;C; 1;0;203562;uc010bow.3
12;124457810;124458315;506;+;NA;A;<DEL>;NA;candidateSV;MantaDEL:13971:2:3:0:0:0;MantaDEL:13971:2:3:0:0:0_bp2;DEL;   -37935;NA; 0;0;166442;"c(""uc001ugb.3"", ""uc021rfy.1"")"
12;124457810;124458315;506;+;NA;A;<DEL>;NA;candidateSV;MantaDEL:13971:2:3:0:0:0;MantaDEL:13971:2:3:0:0:0_bp2;DEL;   -37935;NA; 0;0;166441;uc001uga.3
1;228362251;228362253;  3;-;NA;G;<DEL>;999;PASS;MantaDEL:10800:0:1:0:0:0;MantaDEL:10800:0:1:0:0:0_bp1;DEL;-25213527;NA; 0;2; 13056;uc010pvw.2
16; 71392625; 71392627;  3;-;NA;G;<DEL>;999;MaxDepth;MantaDEL:22:1976:4372:0:0:0;MantaDEL:22:1976:4372:0:0:0_bp1;DEL;-44357771;NA; 0;2;209013;"c(""uc002faa.4"", ""uc002fac.4"", ""uc010vme.2"")"
1;228362251;228362253;  3;-;NA;G;<DEL>;NA;candidateSV;svrecord25589;svrecord25589_bp1;DEL;-25213527;NA; 0;2; 13056;uc010pvw.2
10;127529848;127530322;475;-;NA;G;<DEL>;NA;candidateSV;MantaDEL:22:1501:1964:2:0:0;MantaDEL:22:1501:1964:2:0:0_bp1;DEL;    -2128;NA; 0;0;138628;"c(""uc001ljc.4"", ""uc010quj.2"")"
10;127529848;127530322;475;-;NA;G;<DEL>;NA;candidateSV;MantaDEL:22:1501:1964:2:0:0;MantaDEL:22:1501:1964:2:0:0_bp1;DEL;    -2128;NA; 0;0;138627;uc001ljd.4
16; 71392625; 71392627;  3;-;NA;G;<DEL>;NA;candidateSV;svrecord135077;svrecord135077_bp1;DEL;-44357771;NA; 0;2;209013;"c(""uc002faa.4"", ""uc002fac.4"", ""uc010vme.2"")"
1; 46016498; 46016499;  2;-;NA;A;]10:47538150]A;999;PASS;MantaBND:3056:4:5:0:0:0:1;MantaBND:3056:4:5:0:0:0:0;BND;NA;; 0;1;  4213;"c(""uc001cod.3"", ""uc001coe.3"")"
1; 46016498; 46016499;  2;-;NA;A;]10:47538150]A;999;PASS;MantaBND:3056:4:5:0:0:0:1;MantaBND:3056:4:5:0:0:0:0;BND;NA;; 0;1;  4212;"c(""uc021omx.1"", ""uc021omy.1"")"
1; 46016498; 46016498;  1;-;NA;A;]14:106741047]A;999;PASS;MantaBND:3056:1:4:0:1:0:0;MantaBND:3056:1:4:0:1:0:1;BND;NA;; 0;0;  4213;"c(""uc001cod.3"", ""uc001coe.3"")"
1; 46016498; 46016498;  1;-;NA;A;]14:106741047]A;999;PASS;MantaBND:3056:1:4:0:1:0:0;MantaBND:3056:1:4:0:1:0:1;BND;NA;; 0;0;  4212;"c(""uc021omx.1"", ""uc021omy.1"")"
1; 46033220; 46033222;  3;-;NA;C;]19:40993685]C;999;MaxDepth;MantaBND:3056:0:6:0:0:0:0;MantaBND:3056:0:6:0:0:0:1;BND;NA;; 0;2;  4219;uc001cof.4
1;228353429;228353429;  1;-;NA;C;]11:130772395]C;999;PASS;MantaBND:10800:4:5:0:0:0:0;MantaBND:10800:4:5:0:0:0:1;BND;NA;; 0;0; 13055;uc001hsl.4
4;  7760440;  7760442;  3;-;NA;C;[16:11306767[C;999;PASS;MantaBND:38898:0:2:0:0:0:0;MantaBND:38898:0:2:0:0:0:1;BND;NA;; 0;2; 69446;"c(""uc003gkg.1"", ""uc011bwk.1"")"
4;  7760440;  7760441;  2;-;NA;C;[9:135880249[C;999;PASS;MantaBND:38898:0:1:0:0:0:1;MantaBND:38898:0:1:0:0:0:0;BND;NA;; 0;1; 69446;"c(""uc003gkg.1"", ""uc011bwk.1"")"
4; 75230860; 75230860;  1;-;NA;T;]10:58039258]T;999;PASS;MantaBND:42873:0:4:0:0:0:1;MantaBND:42873:0:4:0:0:0:0;BND;NA;; 0;0; 65955;"c(""uc003hid.3"", ""uc003hie.1"")"
4; 75230860; 75230860;  1;-;NA;T;]7:28226308]T;999;PASS;MantaBND:42873:0:3:0:0:0:1;MantaBND:42873:0:3:0:0:0:0;BND;NA;; 0;0; 65955;"c(""uc003hid.3"", ""uc003hie.1"")"
5;148651401;148651401;  1;-;NA;C;]10:94370134]C;999;MaxDepth;MantaBND:57560:4:7:0:0:0:0;MantaBND:57560:4:7:0:0:0:1;BND;NA;; 0;0; 78649;"c(""uc003lqg.4"", ""uc003lqh.3"", ""uc010jgy.3"")"
5;148651401;148651401;  1;-;NA;C;]14:35691461]C;999;MaxDepth;MantaBND:57560:4:6:0:0:0:1;MantaBND:57560:4:6:0:0:0:0;BND;NA;; 0;0; 78649;"c(""uc003lqg.4"", ""uc003lqh.3"", ""uc010jgy.3"")"
5;148651401;148651401;  1;-;NA;C;]21:35661871]C;999;MaxDepth;MantaBND:57560:4:5:0:0:0:1;MantaBND:57560:4:5:0:0:0:0;BND;NA;; 0;0; 78649;"c(""uc003lqg.4"", ""uc003lqh.3"", ""uc010jgy.3"")"
5;148695203;148695203;  1;-;NA;C;]19:23778641]C;999;PASS;MantaBND:57560:16:17:0:0:0:0;MantaBND:57560:16:17:0:0:0:1;BND;NA;; 0;0; 78659;uc003lqi.2
6; 37273648; 37273650;  3;-;NA;T;]18:33408230]T;999;PASS;MantaBND:25266:1:9:0:0:0:0;MantaBND:25266:1:9:0:0:0:1;BND;NA;; 0;2; 88341;"c(""uc003ono.1"", ""uc003onp.3"")"
6; 37273650; 37273652;  3;-;NA;C;]2:214640722]C;999;PASS;MantaBND:25266:0:1:0:0:0:0;MantaBND:25266:0:1:0:0:0:1;BND;NA;; 0;2; 88341;"c(""uc003ono.1"", ""uc003onp.3"")"
10;116054583;116054584;  2;-;NA;T;[14:68424324[T;999;MaxDepth;MantaBND:56958:11:12:0:1:0:1;MantaBND:56958:11:12:0:1:0:0;BND;NA;; 0;1;143715;"c(""uc001lbm.3"", ""uc010qsd.2"", ""uc001lbn.3"", ""uc001lbo.3"", ""uc001lbp.3"", ""uc010qse.2"")"
10;116054583;116054584;  2;-;NA;T;[14:68424324[T;999;MaxDepth;MantaBND:56958:11:12:0:1:0:1;MantaBND:56958:11:12:0:1:0:0;BND;NA;; 0;1;143716;uc001lbq.1
10;116054583;116054586;  4;-;NA;T;[9:29387883[T;999;MaxDepth;MantaBND:56958:11:13:0:1:0:0;MantaBND:56958:11:13:0:1:0:1;BND;NA;; 0;3;143715;"c(""uc001lbm.3"", ""uc010qsd.2"", ""uc001lbn.3"", ""uc001lbo.3"", ""uc001lbp.3"", ""uc010qse.2"")"
10;116054583;116054586;  4;-;NA;T;[9:29387883[T;999;MaxDepth;MantaBND:56958:11:13:0:1:0:0;MantaBND:56958:11:13:0:1:0:1;BND;NA;; 0;3;143716;uc001lbq.1
10;116054584;116054584;  1;-;NA;T;[21:37991484[T;999;MaxDepth;MantaBND:56958:11:17:0:1:0:0;MantaBND:56958:11:17:0:1:0:1;BND;NA;; 0;0;143715;"c(""uc001lbm.3"", ""uc010qsd.2"", ""uc001lbn.3"", ""uc001lbo.3"", ""uc001lbp.3"", ""uc010qse.2"")"
10;116054584;116054584;  1;-;NA;T;[21:37991484[T;999;MaxDepth;MantaBND:56958:11:17:0:1:0:0;MantaBND:56958:11:17:0:1:0:1;BND;NA;; 0;0;143716;uc001lbq.1
10;127512103;127512104;  2;-;NA;C;]6:94180490]C;999;MaxDepth;MantaBND:22:3806:4171:0:0:0:0;MantaBND:22:3806:4171:0:0:0:1;BND;NA;; 0;1;138619;"c(""uc021qar.1"", ""uc001ljb.4"", ""uc001ljc.4"", ""uc010quj.2"", ""uc001ljd.4"")"
10;127512104;127512105;  2;-;NA;G;]18:39774913]G;999;MaxDepth;MantaBND:22:1845:4171:0:0:0:0;MantaBND:22:1845:4171:0:0:0:1;BND;NA;; 0;1;138619;"c(""uc021qar.1"", ""uc001ljb.4"", ""uc001ljc.4"", ""uc010quj.2"", ""uc001ljd.4"")"
10;127512104;127512105;  2;-;NA;G;]3:59262065]G;999;MaxDepth;MantaBND:22:3468:4171:0:0:0:0;MantaBND:22:3468:4171:0:0:0:1;BND;NA;; 0;1;138619;"c(""uc021qar.1"", ""uc001ljb.4"", ""uc001ljc.4"", ""uc010quj.2"", ""uc001ljd.4"")"
10;127512104;127512104;  1;-;NA;G;]7:14058149]G;999;MaxDepth;MantaBND:22:2888:4171:0:0:0:1;MantaBND:22:2888:4171:0:0:0:0;BND;NA;; 0;0;138619;"c(""uc021qar.1"", ""uc001ljb.4"", ""uc001ljc.4"", ""uc010quj.2"", ""uc001ljd.4"")"
10;127524908;127524909;  2;-;NA;T;[10:34233181[T;999;MaxDepth;MantaBND:22:1877:3295:0:0:0:0;MantaBND:22:1877:3295:0:0:0:1;BND; 93291727;; 0;1;144185;"c(""uc001lje.1"", ""uc001ljf.1"", ""uc001ljg.1"")"
16; 71392626; 71392627;  2;-;NA;A;]11:110355660]A;999;MaxDepth;MantaBND:22:2444:4372:0:0:0:0;MantaBND:22:2444:4372:0:0:0:1;BND;NA;; 0;1;209013;"c(""uc002faa.4"", ""uc002fac.4"", ""uc010vme.2"")"
18; 77662420; 77662420;  1;-;NA;T;[10:134683196[T;999;PASS;MantaBND:22401:4:5:0:0:0:1;MantaBND:22401:4:5:0:0:0:0;BND;NA;; 0;0;235297;"c(""uc010dre.2"", ""uc002lnk.2"", ""uc002lnl.2"", ""uc010xfm.1"")"
22; 30163358; 30163359;  2;-;NA;G;]10:44912597]G;999;PASS;MantaBND:97743:0:1:0:0:0:0;MantaBND:97743:0:1:0:0:0:1;BND;NA;; 0;1;262198;uc003agq.1
4; 75246217; 75246816;600;-;NA;T;<DEL>;NA;candidateSV;MantaDEL:42873:0:2:0:0:0;MantaDEL:42873:0:2:0:0:0_bp1;DEL;   -15215;NA; 0;0; 65957;uc003hie.1
10;127529341;127529879;539;-;NA;G;<DEL>;NA;candidateSV;MantaDEL:22:1964:3258:0:0:0;MantaDEL:22:1964:3258:0:0:0_bp1;DEL;    -9191;NA; 0;0;138627;uc001ljd.4
10;127524356;127525110;755;-;NA;A;[1:79799619[A;260;PASS;MantaBND:22:1877:4134:0:0:0:0;MantaBND:22:1877:4134:0:0:0:1;BND;NA;; 0;0;138626;uc001ljb.4
10;127585025;127585027;  3;+;NA;C;C]1:79799830];999;PASS;MantaBND:22:3611:4134:0:0:0:1;MantaBND:22:3611:4134:0:0:0:0;BND;NA;; 0;2;144200;uc001ljg.1
12;124499974;124499974;  1;+;NA;G;GAAAAAAAAAAAAAAAA]2:3931651];330;PASS;MantaBND:13971:0:1:0:0:0:1;MantaBND:13971:0:1:0:0:0:0;BND;NA;AAAAAAAAAAAAAAAA;16;0;166447;"c(""uc001uga.3"", ""uc001ugb.3"")"
18; 77711030; 77711030;  1;+;NA;G;GCCCCCAGCCCCGCGCCCAGCGCCCCGCGTCCCCGCGCCGCTGACCCGCGCGCGTCTCGGCGTCAGTC]2:163966877];999;PASS;MantaBND:22401:0:2:0:0:0:0;MantaBND:22401:0:2:0:0:0:1;BND;NA;CCCCCAGCCCCGCGCCCAGCGCCCCGCGTCCCCGCGCCGCTGACCCGCGCGCGTCTCGGCGTCAGTC;67;0;235303;"c(""uc010dre.2"", ""uc002lnk.2"", ""uc002lnl.2"", ""uc010xfm.1"")"
10;127531375;127531375;  1;+;NA;G;G[3:59262047[;999;MaxDepth;MantaBND:22:2419:3468:0:0:0:1;MantaBND:22:2419:3468:0:0:0:0;BND;NA;; 0;0;138628;"c(""uc001ljc.4"", ""uc010quj.2"")"
10;116164515;116164516;  2;+;NA;C;C]5:136116601];999;MaxDepth;MantaBND:56958:0:1:0:0:0:0;MantaBND:56958:0:1:0:0:0:1;BND;NA;; 0;1;143740;"c(""uc001lbn.3"", ""uc001lbo.3"", ""uc001lbp.3"", ""uc010qse.2"", ""uc001lbr.1"")"
10;127531375;127531375;  1;+;NA;G;G[6:94180479[;999;MaxDepth;MantaBND:22:2419:3806:0:0:0:0;MantaBND:22:2419:3806:0:0:0:1;BND;NA;; 0;0;138628;"c(""uc001ljc.4"", ""uc010quj.2"")"
10;127542263;127542263;  1;+;NA;T;T[7:14058142[;999;PASS;MantaBND:22:1962:2888:0:0:0:1;MantaBND:22:1962:2888:0:0:0:0;BND;NA;; 0;0;138629;uc001ljd.4
4;  7941653;  7941653;  1;+;NA;C;C]9:189164];999;MaxDepth;MantaBND:38898:34:37:0:0:0:0;MantaBND:38898:34:37:0:0:0:1;BND;NA;; 0;0; 69463;"c(""uc003gkg.1"", ""uc011bwk.1"")"
10;116064705;116064705;  1;+;NA;C;C]9:29387900];999;MaxDepth;MantaBND:56958:4:13:0:1:0:1;MantaBND:56958:4:13:0:1:0:0;BND;NA;; 0;0;143728;uc010qsd.2
10;116064705;116064705;  1;+;NA;C;C]9:29387900];999;MaxDepth;MantaBND:56958:4:13:0:1:0:1;MantaBND:56958:4:13:0:1:0:0;BND;NA;; 0;0;143727;"c(""uc001lbn.3"", ""uc001lbo.3"", ""uc001lbp.3"", ""uc010qse.2"", ""uc001lbr.1"")"
4;  7941653;  7941653;  1;+;NA;C;C]9:135880263];999;MaxDepth;MantaBND:38898:1:34:0:0:0:0;MantaBND:38898:1:34:0:0:0:1;BND;NA;; 0;0; 69463;"c(""uc003gkg.1"", ""uc011bwk.1"")"
10;127543428;127543432;  5;+;NA;C;C]10:34233189];999;PASS;MantaBND:22:3295:4808:0:0:0:0;MantaBND:22:3295:4808:0:0:0:1;BND; 93310242;; 0;4;144194;uc001lje.1
10;116061224;116061224;  1;+;NA;T;T]10:46261826];739;MaxDepth;MantaBND:56958:3:14:0:1:0:0;MantaBND:56958:3:14:0:1:0:1;BND; 69799397;; 0;0;143724;"c(""uc001lbm.3"", ""uc010qsd.2"", ""uc001lbn.3"", ""uc001lbo.3"", ""uc001lbp.3"", ""uc010qse.2"", ""uc001lbr.1"")"
1; 46016498; 46016499;  2;-;NA;A;]10:47538150]A;999;PASS;MantaBND:3056:4:5:0:0:0:1;MantaBND:3056:4:5:0:0:0:0;BND;NA;; 0;1;  4212;"c(""uc021omx.1"", ""uc021omy.1"")"
4; 75247701; 75247701;  1;+;NA;C;C[10:58039250[;999;PASS;MantaBND:42873:4:6:0:0:0:0;MantaBND:42873:4:6:0:0:0:1;BND;NA;; 0;0; 65958;uc003hid.3
5;148721365;148721366;  2;+;NA;G;G[10:94370119[;999;MaxDepth;MantaBND:57560:7:29:0:0:0:0;MantaBND:57560:7:29:0:0:0:1;BND;NA;; 0;1; 78669;"c(""uc003lqh.3"", ""uc010jgy.3"", ""uc003lqi.2"")"
18; 77711653; 77711654;  2;+;NA;C;C]10:134683214];999;PASS;MantaBND:22401:1:5:0:0:0:1;MantaBND:22401:1:5:0:0:0:0;BND;NA;; 0;1;235304;"c(""uc002lnk.2"", ""uc002lnl.2"", ""uc010xfm.1"")"
18; 77711030; 77711030;  1;+;NA;G;GCCCCCAGCCCCGCGCCCAGCGCCCCGCGTCCCCGCGCCGCTGACCCGCGCGCGTCTCGGCGTCAGTCC]10:134683214];999;PASS;MantaBND:22401:2:5:0:0:0:1;MantaBND:22401:2:5:0:0:0:0;BND;NA;CCCCCAGCCCCGCGCCCAGCGCCCCGCGTCCCCGCGCCGCTGACCCGCGCGCGTCTCGGCGTCAGTCC;68;0;235303;"c(""uc010dre.2"", ""uc002lnk.2"", ""uc002lnl.2"", ""uc010xfm.1"")"
16; 71424337; 71424339;  3;+;NA;C;C[11:110355650[;999;MaxDepth;MantaBND:22:2444:4746:0:0:0:1;MantaBND:22:2444:4746:0:0:0:0;BND;NA;; 0;2;209023;"c(""uc002faa.4"", ""uc002fac.4"", ""uc010vme.2"")"
1;228369957;228369957;  1;+;NA;T;T[11:130772376[;999;PASS;MantaBND:10800:2:5:0:0:0:1;MantaBND:10800:2:5:0:0:0:0;BND;NA;; 0;0; 13058;"c(""uc001hsl.4"", ""uc010pvw.2"")"
5;148721365;148721365;  1;+;NA;G;G[14:35691450[;999;MaxDepth;MantaBND:57560:6:29:0:0:0:0;MantaBND:57560:6:29:0:0:0:1;BND;NA;; 0;0; 78669;"c(""uc003lqh.3"", ""uc010jgy.3"", ""uc003lqi.2"")"
10;116164515;116164515;  1;+;NA;C;C]14:68424336];999;MaxDepth;MantaBND:56958:1:12:0:0:0:1;MantaBND:56958:1:12:0:0:0:0;BND;NA;; 0;0;143740;"c(""uc001lbn.3"", ""uc001lbo.3"", ""uc001lbp.3"", ""uc010qse.2"", ""uc001lbr.1"")"
1; 46035720; 46035720;  1;+;NA;C;C[14:106741029[;999;PASS;MantaBND:3056:0:1:1:0:0:1;MantaBND:3056:0:1:1:0:0:0;BND;NA;; 0;0;  4224;"c(""uc001cod.3"", ""uc001coe.3"", ""uc021omx.1"", ""uc021omy.1"", ""uc001cof.4"")"
1; 46016498; 46016498;  1;-;NA;A;]14:106741047]A;999;PASS;MantaBND:3056:1:4:0:1:0:0;MantaBND:3056:1:4:0:1:0:1;BND;NA;; 0;0;  4212;"c(""uc021omx.1"", ""uc021omy.1"")"
4;  7941653;  7941653;  1;+;NA;C;C]16:11306784];999;MaxDepth;MantaBND:38898:2:34:0:0:0:0;MantaBND:38898:2:34:0:0:0:1;BND;NA;; 0;0; 69463;"c(""uc003gkg.1"", ""uc011bwk.1"")"
4;  7780652;  7780652;  1;+;NA;C;C[16:27875885[;999;MaxDepth;MantaBND:38898:9:14:0:0:0:0;MantaBND:38898:9:14:0:0:0:1;BND;NA;; 0;0; 69450;"c(""uc003gkg.1"", ""uc011bwk.1"")"
6; 37292354; 37292354;  1;+;NA;G;G[18:33408216[;999;PASS;MantaBND:25266:3:9:0:0:0:1;MantaBND:25266:3:9:0:0:0:0;BND;NA;; 0;0; 88347;uc003ono.1
10;127525123;127525124;  2;+;NA;T;T[18:39774905[;999;MaxDepth;MantaBND:22:1845:1877:0:0:0:1;MantaBND:22:1845:1877:0:0:0:0;BND;NA;; 0;1;138626;uc001ljb.4
5;148721365;148721365;  1;+;NA;G;G[19:23778633[;999;MaxDepth;MantaBND:57560:17:29:0:0:0:1;MantaBND:57560:17:29:0:0:0:0;BND;NA;; 0;0; 78669;"c(""uc003lqh.3"", ""uc010jgy.3"", ""uc003lqi.2"")"
1; 46035720; 46035720;  1;+;NA;C;C[19:40993669[;999;PASS;MantaBND:3056:0:6:1:0:0:1;MantaBND:3056:0:6:1:0:0:0;BND;NA;; 0;0;  4224;"c(""uc001cod.3"", ""uc001coe.3"", ""uc021omx.1"", ""uc021omy.1"", ""uc001cof.4"")"
13;100624178;100624178;  1;+;NA;C;C]20:4059165];999;PASS;MantaBND:123958:1:2:0:0:0:0;MantaBND:123958:1:2:0:0:0:1;BND;NA;; 0;0;178907;uc001vom.1
5;148691936;148691937;  2;+;NA;T;T[21:35661853[;999;PASS;MantaBND:57560:5:15:0:1:0:0;MantaBND:57560:5:15:0:1:0:1;BND;NA;; 0;1; 78658;uc003lqg.4
10;116164515;116164516;  2;+;NA;C;C]21:37991502];999;MaxDepth;MantaBND:56958:1:17:0:2:0:0;MantaBND:56958:1:17:0:2:0:1;BND;NA;; 0;1;143740;"c(""uc001lbn.3"", ""uc001lbo.3"", ""uc001lbp.3"", ""uc010qse.2"", ""uc001lbr.1"")"
1; 46035720; 46035720;  1;+;NA;C;C[14:106741029[;NA;candidateSV;MantaBND:3056:0:1:0:0:0:0;MantaBND:3056:0:1:0:0:0:1;BND;NA;; 0;0;  4224;"c(""uc001cod.3"", ""uc001coe.3"", ""uc021omx.1"", ""uc021omy.1"", ""uc001cof.4"")"
15;100340394;100340394;  1;-;NA;AGGAGTGTCTATTTCTTCCCACGCGAGTCTCGTCGCGCCGCTGTGCCTGCTCTGCCGACTCCTCCACGAGTGTCTTCTGGTTCCCAAGCGAGTGCAGGTTGGACAGCAGCTCTGAGAAGCAGCATCTCGTCGCGCCGCTGTGCCTACTCTGCCGACTCCTCCAT;AC;NA;candidateSV;MantaDEL:135175:0:0:0:3:0;MantaDEL:135175:0:0:0:3:0_bp1;DEL;     -162;C; 1;0;NA;NA
15;100340394;100340394;  1;-;NA;AGGAGTGTCTATTTCTTCCCACGCGAGTCTCGTCGCGCCGCTGTGCCTGCTCTGCCGACTCCTCCACGAGTGTCTTCTGGTTCCCAAGCGAGTGCAGGTTGGACAGCAGCTCTGAGAAGCAGCATCTCGTCGCGCCGCTGTGCCTACTCTGCCGACTCCTCCAT;AC;NA;candidateSV;MantaDEL:135176:0:0:0:1:0;MantaDEL:135176:0:0:0:1:0_bp1;DEL;     -162;C; 1;0;NA;NA
15;100340394;100340394;  1;-;NA;AGGAGTGTCTATTTCTTCCCACGCGAGTCTCGTCGCGCCGCTGTGCCTGCTCTGCCGACTCCTCCACGAGTGTCTTCTGGTTCCCAAGCGAGTGCAGGTTGGACAGCAGCTCTGAGAAGCAGCATCTCGTCGCGCCGCTGTGCCTACTCTGCCGACTCCTCCAT;AC;NA;candidateSV;MantaDEL:135180:0:0:0:3:0;MantaDEL:135180:0:0:0:3:0_bp1;DEL;     -162;C; 1;0;NA;NA
1;203148723;203148725;  3;+;NA;G;<DEL>;999;PASS;MantaDEL:10800:0:1:0:0:0;MantaDEL:10800:0:1:0:0:0_bp2;DEL;-25213527;NA; 0;2;NA;NA
16; 27034853; 27034855;  3;+;NA;G;<DEL>;999;MaxDepth;MantaDEL:22:1976:4372:0:0:0;MantaDEL:22:1976:4372:0:0:0_bp2;DEL;-44357771;NA; 0;2;NA;NA
1;203148723;203148725;  3;+;NA;G;<DEL>;NA;candidateSV;svrecord25589;svrecord25589_bp2;DEL;-25213527;NA; 0;2;NA;NA
4; 75230994; 75231606;613;+;NA;T;<DEL>;NA;candidateSV;MantaDEL:42873:0:2:0:0:0;MantaDEL:42873:0:2:0:0:0_bp2;DEL;   -15215;NA; 0;0;NA;NA
10;127520178;127520658;481;+;NA;G;<DEL>;NA;candidateSV;MantaDEL:22:1964:3258:0:0:0;MantaDEL:22:1964:3258:0:0:0_bp2;DEL;    -9191;NA; 0;0;NA;NA
10;127527691;127528221;531;+;NA;G;<DEL>;NA;candidateSV;MantaDEL:22:1501:1964:2:0:0;MantaDEL:22:1501:1964:2:0:0_bp2;DEL;    -2128;NA; 0;0;NA;NA
16; 27034853; 27034855;  3;+;NA;G;<DEL>;NA;candidateSV;svrecord135077;svrecord135077_bp2;DEL;-44357771;NA; 0;2;NA;NA
12;124495653;124496344;692;-;NA;A;<DEL>;NA;candidateSV;MantaDEL:13971:2:3:0:0:0;MantaDEL:13971:2:3:0:0:0_bp1;DEL;   -37935;NA; 0;0;NA;NA
1; 79799261; 79799978;718;-;NA;G;[10:127524733[G;260;PASS;MantaBND:22:1877:4134:0:0:0:1;MantaBND:22:1877:4134:0:0:0:0;BND;NA;; 0;0;NA;NA
1; 79799828; 79799830;  3;+;NA;G;G]10:127585027];999;PASS;MantaBND:22:3611:4134:0:0:0:0;MantaBND:22:3611:4134:0:0:0:1;BND;NA;; 0;2;NA;NA
2;  3931651;  3931651;  1;+;NA;C;CTTTTTTTTTTTTTTTT]12:124499974];330;PASS;MantaBND:13971:0:1:0:0:0:0;MantaBND:13971:0:1:0:0:0:1;BND;NA;TTTTTTTTTTTTTTTT;16;0;NA;NA
2;163966877;163966877;  1;+;NA;G;GGACTGACGCCGAGACGCGCGCGGGTCAGCGGCGCGGGGACGCGGGGCGCTGGGCGCGGGGCTGGGGG]18:77711030];999;PASS;MantaBND:22401:0:2:0:0:0:1;MantaBND:22401:0:2:0:0:0:0;BND;NA;GACTGACGCCGAGACGCGCGCGGGTCAGCGGCGCGGGGACGCGGGGCGCTGGGCGCGGGGCTGGGGG;67;0;NA;NA
2;214640722;214640724;  3;+;NA;G;G[6:37273650[;999;PASS;MantaBND:25266:0:1:0:0:0:1;MantaBND:25266:0:1:0:0:0:0;BND;NA;; 0;2;NA;NA
3; 59262047; 59262047;  1;-;NA;C;]10:127531375]C;999;MaxDepth;MantaBND:22:2419:3468:0:0:0:0;MantaBND:22:2419:3468:0:0:0:1;BND;NA;; 0;0;NA;NA
3; 59262065; 59262066;  2;+;NA;A;A[10:127512104[;999;MaxDepth;MantaBND:22:3468:4171:0:0:0:1;MantaBND:22:3468:4171:0:0:0:0;BND;NA;; 0;1;NA;NA
5;136116600;136116601;  2;+;NA;A;A]10:116164516];999;MaxDepth;MantaBND:56958:0:1:0:0:0:1;MantaBND:56958:0:1:0:0:0:0;BND;NA;; 0;1;NA;NA
6; 94180479; 94180479;  1;-;NA;C;]10:127531375]C;999;MaxDepth;MantaBND:22:2419:3806:0:0:0:1;MantaBND:22:2419:3806:0:0:0:0;BND;NA;; 0;0;NA;NA
6; 94180490; 94180491;  2;+;NA;T;T[10:127512103[;999;MaxDepth;MantaBND:22:3806:4171:0:0:0:1;MantaBND:22:3806:4171:0:0:0:0;BND;NA;; 0;1;NA;NA
7; 14058142; 14058142;  1;-;NA;G;]10:127542263]G;999;PASS;MantaBND:22:1962:2888:0:0:0:0;MantaBND:22:1962:2888:0:0:0:1;BND;NA;; 0;0;NA;NA
7; 14058149; 14058149;  1;+;NA;A;A[10:127512104[;999;MaxDepth;MantaBND:22:2888:4171:0:0:0:0;MantaBND:22:2888:4171:0:0:0:1;BND;NA;; 0;0;NA;NA
7; 28226308; 28226308;  1;+;NA;G;G[4:75230860[;999;PASS;MantaBND:42873:0:3:0:0:0:0;MantaBND:42873:0:3:0:0:0:1;BND;NA;; 0;0;NA;NA
9;   189164;   189164;  1;+;NA;C;C]4:7941653];999;MaxDepth;MantaBND:38898:34:37:0:0:0:1;MantaBND:38898:34:37:0:0:0:0;BND;NA;; 0;0;NA;NA
9; 29387880; 29387883;  4;-;NA;G;[10:116054586[G;999;MaxDepth;MantaBND:56958:11:13:0:1:0:1;MantaBND:56958:11:13:0:1:0:0;BND;NA;; 0;3;NA;NA
9; 29387900; 29387900;  1;+;NA;G;G]10:116064705];999;MaxDepth;MantaBND:56958:4:13:0:1:0:0;MantaBND:56958:4:13:0:1:0:1;BND;NA;; 0;0;NA;NA
9;135880248;135880249;  2;-;NA;G;[4:7760441[G;999;PASS;MantaBND:38898:0:1:0:0:0:0;MantaBND:38898:0:1:0:0:0:1;BND;NA;; 0;1;NA;NA
9;135880263;135880263;  1;+;NA;G;G]4:7941653];999;MaxDepth;MantaBND:38898:1:34:0:0:0:1;MantaBND:38898:1:34:0:0:0:0;BND;NA;; 0;0;NA;NA
10; 34233180; 34233181;  2;-;NA;A;[10:127524909[A;999;MaxDepth;MantaBND:22:1877:3295:0:0:0:1;MantaBND:22:1877:3295:0:0:0:0;BND; 93291727;; 0;1;NA;NA
10; 34233185; 34233189;  5;+;NA;A;A]10:127543432];999;PASS;MantaBND:22:3295:4808:0:0:0:1;MantaBND:22:3295:4808:0:0:0:0;BND; 93310242;; 0;4;NA;NA
10; 44912597; 44912598;  2;+;NA;T;T[22:30163358[;999;PASS;MantaBND:97743:0:1:0:0:0:1;MantaBND:97743:0:1:0:0:0:0;BND;NA;; 0;1;NA;NA
10; 46261826; 46261826;  1;+;NA;C;C]10:116061224];739;MaxDepth;MantaBND:56958:3:14:0:1:0:1;MantaBND:56958:3:14:0:1:0:0;BND; 69799397;; 0;0;NA;NA
10; 47538150; 47538151;  2;+;NA;T;T[1:46016498[;999;PASS;MantaBND:3056:4:5:0:0:0:0;MantaBND:3056:4:5:0:0:0:1;BND;NA;; 0;1;NA;NA
10; 58039250; 58039250;  1;-;NA;C;]4:75247701]C;999;PASS;MantaBND:42873:4:6:0:0:0:1;MantaBND:42873:4:6:0:0:0:0;BND;NA;; 0;0;NA;NA
10; 58039258; 58039258;  1;+;NA;A;A[4:75230860[;999;PASS;MantaBND:42873:0:4:0:0:0:0;MantaBND:42873:0:4:0:0:0:1;BND;NA;; 0;0;NA;NA
10; 94370119; 94370120;  2;-;NA;A;]5:148721365]A;999;MaxDepth;MantaBND:57560:7:29:0:0:0:1;MantaBND:57560:7:29:0:0:0:0;BND;NA;; 0;1;NA;NA
10; 94370134; 94370134;  1;+;NA;T;T[5:148651401[;999;MaxDepth;MantaBND:57560:4:7:0:0:0:1;MantaBND:57560:4:7:0:0:0:0;BND;NA;; 0;0;NA;NA
10;134683196;134683196;  1;-;NA;C;[18:77662420[C;999;PASS;MantaBND:22401:4:5:0:0:0:0;MantaBND:22401:4:5:0:0:0:1;BND;NA;; 0;0;NA;NA
10;134683213;134683214;  2;+;NA;C;C]18:77711654];999;PASS;MantaBND:22401:1:5:0:0:0:0;MantaBND:22401:1:5:0:0:0:1;BND;NA;; 0;1;NA;NA
10;134683214;134683214;  1;+;NA;C;CGGACTGACGCCGAGACGCGCGCGGGTCAGCGGCGCGGGGACGCGGGGCGCTGGGCGCGGGGCTGGGGG]18:77711030];999;PASS;MantaBND:22401:2:5:0:0:0:0;MantaBND:22401:2:5:0:0:0:1;BND;NA;GGACTGACGCCGAGACGCGCGCGGGTCAGCGGCGCGGGGACGCGGGGCGCTGGGCGCGGGGCTGGGGG;68;0;NA;NA
11;110355650;110355652;  3;-;NA;C;]16:71424337]C;999;MaxDepth;MantaBND:22:2444:4746:0:0:0:0;MantaBND:22:2444:4746:0:0:0:1;BND;NA;; 0;2;NA;NA
11;110355660;110355661;  2;+;NA;A;A[16:71392626[;999;MaxDepth;MantaBND:22:2444:4372:0:0:0:1;MantaBND:22:2444:4372:0:0:0:0;BND;NA;; 0;1;NA;NA
11;130772376;130772376;  1;-;NA;T;]1:228369957]T;999;PASS;MantaBND:10800:2:5:0:0:0:0;MantaBND:10800:2:5:0:0:0:1;BND;NA;; 0;0;NA;NA
11;130772395;130772395;  1;+;NA;T;T[1:228353429[;999;PASS;MantaBND:10800:4:5:0:0:0:1;MantaBND:10800:4:5:0:0:0:0;BND;NA;; 0;0;NA;NA
14; 35691450; 35691450;  1;-;NA;G;]5:148721365]G;999;MaxDepth;MantaBND:57560:6:29:0:0:0:1;MantaBND:57560:6:29:0:0:0:0;BND;NA;; 0;0;NA;NA
14; 35691461; 35691461;  1;+;NA;A;A[5:148651401[;999;MaxDepth;MantaBND:57560:4:6:0:0:0:0;MantaBND:57560:4:6:0:0:0:1;BND;NA;; 0;0;NA;NA
14; 68424323; 68424324;  2;-;NA;A;[10:116054584[A;999;MaxDepth;MantaBND:56958:11:12:0:1:0:0;MantaBND:56958:11:12:0:1:0:1;BND;NA;; 0;1;NA;NA
14; 68424336; 68424336;  1;+;NA;T;T]10:116164515];999;MaxDepth;MantaBND:56958:1:12:0:0:0:0;MantaBND:56958:1:12:0:0:0:1;BND;NA;; 0;0;NA;NA
14;106741029;106741029;  1;-;NA;G;]1:46035720]G;999;PASS;MantaBND:3056:0:1:1:0:0:0;MantaBND:3056:0:1:1:0:0:1;BND;NA;; 0;0;NA;NA
14;106741047;106741047;  1;+;NA;A;A[1:46016498[;999;PASS;MantaBND:3056:1:4:0:1:0:1;MantaBND:3056:1:4:0:1:0:0;BND;NA;; 0;0;NA;NA
16; 11306765; 11306767;  3;-;NA;A;[4:7760442[A;999;PASS;MantaBND:38898:0:2:0:0:0:1;MantaBND:38898:0:2:0:0:0:0;BND;NA;; 0;2;NA;NA
16; 11306784; 11306784;  1;+;NA;C;C]4:7941653];999;MaxDepth;MantaBND:38898:2:34:0:0:0:1;MantaBND:38898:2:34:0:0:0:0;BND;NA;; 0;0;NA;NA
16; 27875885; 27875885;  1;-;NA;G;]4:7780652]G;999;MaxDepth;MantaBND:38898:9:14:0:0:0:1;MantaBND:38898:9:14:0:0:0:0;BND;NA;; 0;0;NA;NA
18; 33408216; 33408216;  1;-;NA;T;]6:37292354]T;999;PASS;MantaBND:25266:3:9:0:0:0:0;MantaBND:25266:3:9:0:0:0:1;BND;NA;; 0;0;NA;NA
18; 33408230; 33408232;  3;+;NA;A;A[6:37273648[;999;PASS;MantaBND:25266:1:9:0:0:0:1;MantaBND:25266:1:9:0:0:0:0;BND;NA;; 0;2;NA;NA
18; 39774905; 39774906;  2;-;NA;A;]10:127525123]A;999;MaxDepth;MantaBND:22:1845:1877:0:0:0:0;MantaBND:22:1845:1877:0:0:0:1;BND;NA;; 0;1;NA;NA
18; 39774913; 39774914;  2;+;NA;G;G[10:127512104[;999;MaxDepth;MantaBND:22:1845:4171:0:0:0:1;MantaBND:22:1845:4171:0:0:0:0;BND;NA;; 0;1;NA;NA
19; 23778633; 23778633;  1;-;NA;G;]5:148721365]G;999;MaxDepth;MantaBND:57560:17:29:0:0:0:0;MantaBND:57560:17:29:0:0:0:1;BND;NA;; 0;0;NA;NA
19; 23778641; 23778641;  1;+;NA;G;G[5:148695203[;999;PASS;MantaBND:57560:16:17:0:0:0:1;MantaBND:57560:16:17:0:0:0:0;BND;NA;; 0;0;NA;NA
19; 40993669; 40993669;  1;-;NA;G;]1:46035720]G;999;PASS;MantaBND:3056:0:6:1:0:0:0;MantaBND:3056:0:6:1:0:0:1;BND;NA;; 0;0;NA;NA
19; 40993685; 40993687;  3;+;NA;A;A[1:46033220[;999;MaxDepth;MantaBND:3056:0:6:0:0:0:1;MantaBND:3056:0:6:0:0:0:0;BND;NA;; 0;2;NA;NA
20;  4059165;  4059165;  1;+;NA;C;C]13:100624178];999;PASS;MantaBND:123958:1:2:0:0:0:1;MantaBND:123958:1:2:0:0:0:0;BND;NA;; 0;0;NA;NA
21; 35661853; 35661854;  2;-;NA;C;]5:148691936]C;999;PASS;MantaBND:57560:5:15:0:1:0:1;MantaBND:57560:5:15:0:1:0:0;BND;NA;; 0;1;NA;NA
21; 35661871; 35661871;  1;+;NA;T;T[5:148651401[;999;MaxDepth;MantaBND:57560:4:5:0:0:0:0;MantaBND:57560:4:5:0:0:0:1;BND;NA;; 0;0;NA;NA
21; 37991484; 37991484;  1;-;NA;C;[10:116054584[C;999;MaxDepth;MantaBND:56958:11:17:0:1:0:1;MantaBND:56958:11:17:0:1:0:0;BND;NA;; 0;0;NA;NA
21; 37991501; 37991502;  2;+;NA;A;A]10:116164516];999;MaxDepth;MantaBND:56958:1:17:0:2:0:1;MantaBND:56958:1:17:0:2:0:0;BND;NA;; 0;1;NA;NA
14;106741029;106741029;  1;-;NA;G;]1:46035720]G;NA;candidateSV;MantaBND:3056:0:1:0:0:0:1;MantaBND:3056:0:1:0:0:0:0;BND;NA;; 0;0;NA;NA
